predictedFood,numberOfPeople,eventTiming,actualConsumption,leftFoodForNGO
1176,251,Lunch,1165.95,10.05
910,262,Dinner,878.37,31.63
1344,164,Dinner,1290.45,53.55
1180,156,Dinner,1092.63,87.37
1145,182,Dinner,965.54,179.46
1094,167,Lunch,988.6,105.4
171,37,Dinner,157.23,13.77
516,183,Dinner,466.98,49.02
1288,105,Breakfast,1097.44,190.56
380,272,Dinner,343.16,36.84
137,69,Lunch,123.06,13.94
1446,172,Lunch,1444.94,1.06
1173,47,Lunch,1148.94,24.06
921,48,Lunch,822.15,98.85
180,289,Dinner,166.43,13.57
1382,16,Dinner,1312.31,69.69
819,99,Lunch,660.91,158.09
393,257,Lunch,384.74,8.26
1487,246,Dinner,1445.4,41.6
855,39,Lunch,762.22,92.78
435,219,Breakfast,382.03,52.97
1265,94,Lunch,1081.06,183.94
1005,268,Lunch,899.81,105.19
326,97,Breakfast,263.69,62.31
1234,94,Breakfast,1197.52,36.48
509,119,Dinner,410.81,98.19
1387,109,Dinner,1200.88,186.12
71,200,Breakfast,70.03,0.97
302,118,Breakfast,286.01,15.99
797,79,Dinner,682.45,114.55
906,221,Lunch,770.58,135.42
524,281,Breakfast,419.73,104.27
1132,253,Dinner,1063.11,68.89
560,168,Lunch,453.46,106.54
749,196,Breakfast,678.98,70.02
1025,231,Lunch,1017.24,7.76
239,181,Dinner,196.43,42.57
1007,103,Breakfast,985.75,21.25
736,40,Lunch,734.75,1.25
1007,100,Breakfast,817.99,189.01
612,156,Lunch,597.67,14.33
1317,155,Dinner,1189.54,127.46
881,194,Dinner,864.53,16.47
1204,228,Breakfast,1100.77,103.23
696,41,Lunch,648.97,47.03
70,272,Breakfast,63.61,6.39
890,187,Breakfast,865.88,24.12
216,17,Lunch,204.5,11.5
1347,283,Lunch,1218.03,128.97
437,221,Lunch,425.48,11.52
650,290,Dinner,551.89,98.11
365,277,Breakfast,303.49,61.51
63,66,Breakfast,52.42,10.58
291,88,Dinner,252.24,38.76
826,221,Lunch,700.23,125.77
1419,191,Dinner,1399.16,19.84
614,23,Dinner,504.2,109.8
947,181,Dinner,889.99,57.01
1413,104,Breakfast,1183.87,229.13
141,237,Dinner,137.66,3.34
1440,80,Breakfast,1428.86,11.14
1005,269,Breakfast,897.56,107.44
558,288,Breakfast,544.5,13.5
825,210,Lunch,660.85,164.15
84,227,Breakfast,80.98,3.02
255,56,Breakfast,215.66,39.34
1154,148,Lunch,1132.93,21.07
1461,73,Breakfast,1169.13,291.87
1075,103,Dinner,979.58,95.42
1071,29,Dinner,1018.87,52.13
1463,57,Breakfast,1246.09,216.91
615,155,Lunch,515.76,99.24
1179,148,Dinner,963.03,215.97
752,61,Lunch,650.7,101.3
451,43,Lunch,411.3,39.7
779,113,Dinner,641.25,137.75
211,185,Lunch,184.7,26.3
251,46,Dinner,201.26,49.74
1045,190,Lunch,1007.1,37.9
319,227,Dinner,263.4,55.6
865,126,Breakfast,741.02,123.98
1344,137,Dinner,1080.15,263.85
505,167,Dinner,447.66,57.34
1325,219,Dinner,1282.63,42.37
1066,225,Dinner,936.41,129.59
345,239,Lunch,288.39,56.61
769,150,Breakfast,731.12,37.88
387,243,Dinner,370.65,16.35
928,80,Lunch,774.65,153.35
1126,13,Breakfast,1074.4,51.6
841,78,Breakfast,832.14,8.86
266,257,Breakfast,221.65,44.35
813,234,Breakfast,775.76,37.24
237,11,Dinner,223.19,13.81
429,178,Dinner,383.83,45.17
542,145,Lunch,439.88,102.12
1114,172,Lunch,907.84,206.16
1230,174,Lunch,1193.69,36.31
64,287,Breakfast,63.87,0.13
114,126,Breakfast,106.61,7.39
570,198,Dinner,506.84,63.16
1417,9,Breakfast,1317.12,99.88
1202,33,Breakfast,1104.49,97.51
697,169,Breakfast,611.08,85.92
1136,140,Lunch,923.71,212.29
1212,149,Lunch,1168.73,43.27
642,221,Dinner,561.34,80.66
441,136,Breakfast,425.02,15.98
468,296,Breakfast,398.03,69.97
338,74,Dinner,270.47,67.53
428,256,Breakfast,356.01,71.99
280,279,Breakfast,250.24,29.76
1067,186,Lunch,1055.11,11.89
90,171,Dinner,73.84,16.16
1101,95,Dinner,1068.9,32.1
184,206,Dinner,166.59,17.41
250,23,Dinner,241.3,8.7
829,43,Lunch,712.67,116.33
979,130,Lunch,947.66,31.34
1106,177,Breakfast,1055.75,50.25
1121,145,Breakfast,948.38,172.62
552,246,Breakfast,456.1,95.9
456,224,Breakfast,443.97,12.03
854,130,Lunch,847.72,6.28
148,62,Dinner,119.33,28.67
733,152,Lunch,693.6,39.4
775,5,Breakfast,760.98,14.02
1010,194,Lunch,981.19,28.81
662,195,Dinner,657.3,4.7
692,121,Dinner,658.8,33.2
1078,138,Lunch,957.76,120.24
1291,62,Lunch,1113.35,177.65
552,48,Lunch,477.01,74.99
816,177,Breakfast,771.03,44.97
447,164,Lunch,424.28,22.72
920,177,Lunch,772.87,147.13
844,153,Lunch,821.74,22.26
442,84,Dinner,416.8,25.2
256,217,Dinner,233.61,22.39
1088,207,Breakfast,973.01,114.99
941,256,Breakfast,855.04,85.96
913,233,Dinner,759.48,153.52
792,168,Dinner,665.87,126.13
1314,231,Dinner,1075.16,238.84
613,151,Lunch,509.24,103.76
1070,24,Lunch,953.09,116.91
145,51,Dinner,131.38,13.62
534,237,Lunch,429.11,104.89
1480,18,Lunch,1419.85,60.15
280,147,Breakfast,240.47,39.53
798,5,Dinner,783.93,14.07
1244,58,Dinner,1235.92,8.08
590,263,Lunch,493.88,96.12
1109,148,Dinner,989.69,119.31
574,16,Breakfast,459.34,114.66
1233,228,Breakfast,1133.95,99.05
1316,276,Breakfast,1212.64,103.36
1159,160,Dinner,984.58,174.42
627,12,Dinner,571.62,55.38
731,126,Dinner,617.77,113.23
606,168,Dinner,504.29,101.71
1062,94,Dinner,987.98,74.02
695,140,Breakfast,601.3,93.7
845,190,Lunch,775.75,69.25
1101,182,Breakfast,976.2,124.8
1413,32,Dinner,1408.58,4.42
1404,224,Breakfast,1165.2,238.8
1421,45,Dinner,1268.84,152.16
1304,232,Dinner,1220.66,83.34
239,196,Breakfast,210.11,28.89
1298,149,Dinner,1291.43,6.57
1458,205,Lunch,1376.9,81.1
1450,216,Dinner,1350.53,99.47
1356,224,Lunch,1290.11,65.89
682,244,Lunch,675.54,6.46
677,50,Dinner,664.52,12.48
1022,39,Breakfast,965.64,56.36
1332,257,Lunch,1265.18,66.82
1432,86,Breakfast,1187.39,244.61
759,260,Lunch,622.8,136.2
1484,201,Dinner,1356.64,127.36
698,14,Dinner,560.96,137.04
367,290,Lunch,329.0,38.0
1298,246,Dinner,1093.01,204.99
1307,255,Lunch,1136.05,170.95
733,9,Dinner,700.13,32.87
713,123,Breakfast,704.62,8.38
1447,293,Dinner,1178.56,268.44
1306,69,Breakfast,1184.34,121.66
1186,150,Dinner,1158.14,27.86
491,228,Breakfast,400.9,90.1
613,243,Dinner,591.49,21.51
1341,181,Breakfast,1168.76,172.24
1459,271,Lunch,1261.19,197.81
1460,286,Lunch,1453.42,6.58
1186,67,Breakfast,996.44,189.56
1001,221,Dinner,939.58,61.42
1154,287,Breakfast,1112.79,41.21
748,181,Dinner,604.56,143.44
162,102,Lunch,151.32,10.68
51,109,Dinner,50.51,0.49
691,103,Lunch,569.97,121.03
269,10,Dinner,263.42,5.58
904,201,Dinner,830.74,73.26
1298,137,Dinner,1198.47,99.53
434,263,Breakfast,400.4,33.6
1476,27,Breakfast,1269.02,206.98
1203,57,Lunch,1187.41,15.59
1126,169,Lunch,1114.14,11.86
779,206,Breakfast,720.62,58.38
1489,87,Lunch,1424.5,64.5
296,149,Breakfast,273.05,22.95
885,89,Dinner,793.74,91.26
252,82,Lunch,234.91,17.09
1257,5,Lunch,1144.62,112.38
172,55,Breakfast,158.15,13.85
450,177,Lunch,430.54,19.46
816,209,Lunch,731.28,84.72
343,264,Dinner,277.2,65.8
329,292,Lunch,273.99,55.01
933,38,Dinner,828.24,104.76
247,99,Breakfast,233.41,13.59
1031,76,Lunch,947.13,83.87
801,43,Dinner,744.98,56.02
193,158,Breakfast,172.9,20.1
658,254,Lunch,607.43,50.57
1274,166,Breakfast,1103.03,170.97
1197,122,Lunch,1070.16,126.84
236,263,Breakfast,223.93,12.07
1399,272,Breakfast,1363.14,35.86
513,58,Dinner,454.89,58.11
1422,240,Breakfast,1150.02,271.98
709,226,Lunch,590.13,118.87
813,255,Lunch,653.79,159.21
1004,116,Dinner,934.38,69.62
452,259,Lunch,391.64,60.36
1419,211,Lunch,1289.16,129.84
196,233,Lunch,176.14,19.86
1221,70,Breakfast,996.71,224.29
913,79,Breakfast,804.04,108.96
538,107,Lunch,454.13,83.87
978,196,Dinner,864.24,113.76
600,256,Breakfast,504.43,95.57
387,230,Dinner,374.65,12.35
921,298,Lunch,768.89,152.11
690,102,Lunch,684.59,5.41
522,290,Breakfast,461.02,60.98
200,253,Lunch,193.85,6.15
1488,170,Breakfast,1377.52,110.48
1371,34,Lunch,1298.43,72.57
312,251,Lunch,297.51,14.49
193,110,Breakfast,173.89,19.11
395,55,Breakfast,358.92,36.08
673,85,Breakfast,607.58,65.42
1066,137,Lunch,978.17,87.83
930,289,Lunch,749.47,180.53
51,142,Dinner,44.83,6.17
946,188,Breakfast,871.49,74.51
1377,277,Lunch,1266.21,110.79
303,73,Lunch,290.45,12.55
502,38,Breakfast,467.36,34.64
1110,266,Dinner,1108.25,1.75
1233,57,Breakfast,1056.4,176.6
1064,209,Dinner,927.63,136.37
58,130,Lunch,50.85,7.15
1306,239,Dinner,1166.47,139.53
1172,47,Lunch,1133.56,38.44
865,244,Breakfast,732.79,132.21
257,115,Breakfast,245.49,11.51
1204,253,Breakfast,1060.8,143.2
453,155,Dinner,416.93,36.07
201,187,Lunch,186.23,14.77
103,99,Breakfast,90.08,12.92
1193,12,Breakfast,1076.71,116.29
677,188,Lunch,597.52,79.48
636,285,Breakfast,517.59,118.41
1493,199,Lunch,1324.94,168.06
1495,199,Lunch,1225.12,269.88
153,159,Lunch,134.79,18.21
303,97,Lunch,278.33,24.67
1300,164,Lunch,1190.65,109.35
1185,65,Dinner,1105.04,79.96
559,126,Breakfast,457.85,101.15
148,55,Dinner,137.7,10.3
202,281,Breakfast,174.21,27.79
963,9,Dinner,847.26,115.74
927,96,Lunch,900.67,26.33
387,174,Breakfast,310.3,76.7
871,26,Breakfast,799.3,71.7
1236,5,Dinner,1136.8,99.2
1006,137,Dinner,884.61,121.39
210,237,Breakfast,177.96,32.04
850,16,Dinner,719.89,130.11
447,50,Dinner,436.6,10.4
1350,38,Dinner,1199.35,150.65
865,82,Lunch,749.24,115.76
1465,222,Lunch,1303.49,161.51
1208,77,Dinner,1128.12,79.88
1268,286,Dinner,1051.36,216.64
450,253,Lunch,400.45,49.55
689,51,Lunch,632.21,56.79
1106,125,Breakfast,1094.63,11.37
737,218,Breakfast,626.82,110.18
509,243,Lunch,443.77,65.23
1004,60,Dinner,879.38,124.62
519,111,Dinner,478.05,40.95
1448,52,Dinner,1261.71,186.29
1095,65,Dinner,992.84,102.16
799,30,Breakfast,764.13,34.87
87,296,Lunch,81.87,5.13
279,261,Dinner,248.11,30.89
1438,12,Breakfast,1398.95,39.05
612,117,Dinner,557.92,54.08
487,257,Lunch,442.19,44.81
1356,184,Breakfast,1094.07,261.93
76,211,Lunch,75.8,0.2
275,131,Lunch,226.76,48.24
1350,60,Breakfast,1142.41,207.59
847,218,Breakfast,686.36,160.64
333,18,Breakfast,309.02,23.98
928,32,Breakfast,784.1,143.9
1009,82,Breakfast,843.53,165.47
502,220,Breakfast,410.49,91.51
1069,158,Breakfast,877.29,191.71
865,18,Dinner,793.15,71.85
708,191,Lunch,663.85,44.15
596,11,Breakfast,524.17,71.83
1265,7,Dinner,1133.41,131.59
1122,115,Dinner,1051.53,70.47
66,242,Dinner,53.03,12.97
1245,243,Lunch,1076.46,168.54
1293,278,Breakfast,1286.04,6.96
207,298,Dinner,189.62,17.38
526,231,Lunch,447.54,78.46
1119,19,Lunch,1011.96,107.04
1446,196,Lunch,1255.9,190.1
567,123,Dinner,513.96,53.04
148,32,Breakfast,122.12,25.88
1110,206,Dinner,917.46,192.54
329,43,Dinner,272.65,56.35
1422,277,Breakfast,1404.88,17.12
546,235,Breakfast,516.83,29.17
351,90,Breakfast,292.2,58.8
230,130,Lunch,192.66,37.34
656,29,Breakfast,620.68,35.32
1172,149,Dinner,974.2,197.8
749,17,Breakfast,634.34,114.66
1042,216,Dinner,1034.36,7.64
1189,29,Lunch,1011.91,177.09
240,72,Dinner,223.76,16.24
302,71,Dinner,300.71,1.29
1030,237,Breakfast,901.11,128.89
977,113,Breakfast,785.02,191.98
1234,150,Dinner,1047.46,186.54
1329,115,Breakfast,1284.05,44.95
1396,232,Lunch,1358.2,37.8
177,115,Lunch,168.81,8.19
67,38,Breakfast,55.12,11.88
615,115,Lunch,589.85,25.15
619,268,Breakfast,608.93,10.07
1396,240,Dinner,1284.49,111.51
735,87,Dinner,726.31,8.69
675,46,Lunch,651.62,23.38
1361,105,Breakfast,1270.35,90.65
903,10,Breakfast,826.64,76.36
1011,184,Lunch,879.28,131.72
204,286,Dinner,169.7,34.3
539,230,Lunch,496.41,42.59
1459,233,Dinner,1260.02,198.98
834,293,Breakfast,811.72,22.28
1177,154,Dinner,1175.43,1.57
1466,281,Lunch,1393.41,72.59
295,202,Breakfast,241.34,53.66
1249,74,Lunch,1071.31,177.69
1112,116,Lunch,913.87,198.13
808,8,Dinner,751.52,56.48
587,99,Lunch,559.43,27.57
970,156,Dinner,955.58,14.42
457,141,Breakfast,405.65,51.35
574,251,Dinner,562.68,11.32
877,247,Breakfast,855.58,21.42
952,35,Dinner,821.99,130.01
85,44,Lunch,82.77,2.23
734,233,Dinner,642.35,91.65
69,40,Dinner,59.3,9.7
370,227,Breakfast,344.03,25.97
561,10,Lunch,485.64,75.36
449,224,Dinner,415.79,33.21
703,79,Lunch,648.14,54.86
1021,8,Dinner,931.85,89.15
520,138,Dinner,455.56,64.44
1216,122,Lunch,1106.2,109.8
1165,98,Dinner,1070.98,94.02
1427,66,Lunch,1297.34,129.66
883,198,Dinner,784.88,98.12
776,207,Breakfast,623.08,152.92
903,30,Lunch,828.42,74.58
100,177,Dinner,83.37,16.63
624,137,Dinner,579.39,44.61
1263,122,Breakfast,1202.21,60.79
1198,279,Lunch,1078.31,119.69
199,216,Dinner,180.79,18.21
363,229,Breakfast,359.48,3.52
619,24,Dinner,600.08,18.92
1415,117,Lunch,1390.73,24.27
354,144,Dinner,340.81,13.19
731,51,Dinner,600.72,130.28
887,5,Dinner,736.03,150.97
1127,94,Dinner,1020.3,106.7
1052,146,Breakfast,893.37,158.63
493,42,Breakfast,441.4,51.6
662,297,Lunch,581.81,80.19
1042,143,Breakfast,948.1,93.9
313,263,Breakfast,297.15,15.85
1126,165,Lunch,1061.93,64.07
1053,182,Breakfast,952.17,100.83
54,14,Breakfast,52.08,1.92
1176,265,Lunch,1042.14,133.86
1269,142,Lunch,1242.79,26.21
823,176,Lunch,670.13,152.87
926,17,Dinner,917.6,8.4
1041,172,Dinner,969.11,71.89
933,134,Lunch,817.32,115.68
1423,88,Lunch,1194.51,228.49
96,105,Lunch,86.0,10.0
916,277,Dinner,768.44,147.56
872,269,Dinner,726.61,145.39
985,42,Breakfast,909.62,75.38
705,98,Breakfast,637.75,67.25
318,99,Lunch,297.02,20.98
419,73,Dinner,413.1,5.9
685,240,Dinner,620.92,64.08
1179,141,Dinner,1080.18,98.82
706,80,Lunch,577.46,128.54
169,39,Breakfast,159.46,9.54
880,5,Lunch,774.38,105.62
1131,64,Breakfast,1125.74,5.26
1419,271,Breakfast,1368.82,50.18
790,233,Lunch,714.55,75.45
166,274,Breakfast,136.89,29.11
840,290,Breakfast,816.38,23.62
1200,295,Dinner,1151.95,48.05
1466,217,Breakfast,1226.92,239.08
1062,169,Lunch,912.32,149.68
1131,9,Lunch,1084.27,46.73
683,82,Breakfast,571.7,111.3
562,66,Dinner,552.76,9.24
851,136,Dinner,753.05,97.95
1169,93,Breakfast,955.55,213.45
1191,241,Breakfast,1147.11,43.89
609,46,Lunch,532.69,76.31
537,93,Breakfast,486.15,50.85
1310,299,Dinner,1077.42,232.58
946,108,Breakfast,757.29,188.71
1345,18,Lunch,1247.62,97.38
1262,292,Lunch,1139.63,122.37
753,183,Lunch,691.79,61.21
630,129,Lunch,604.01,25.99
839,27,Lunch,779.7,59.3
910,67,Breakfast,759.81,150.19
296,147,Breakfast,258.16,37.84
1149,157,Breakfast,1127.37,21.63
203,149,Breakfast,193.66,9.34
1046,229,Lunch,953.25,92.75
1159,108,Dinner,986.46,172.54
746,108,Breakfast,641.87,104.13
1358,43,Dinner,1285.2,72.8
1293,202,Breakfast,1254.51,38.49
1142,138,Breakfast,1066.95,75.05
1120,71,Dinner,1077.33,42.67
1058,183,Lunch,1008.62,49.38
143,46,Breakfast,118.68,24.32
1007,19,Breakfast,890.98,116.02
1061,115,Breakfast,881.26,179.74
502,161,Dinner,425.22,76.78
1277,293,Lunch,1243.61,33.39
961,235,Dinner,859.69,101.31
267,161,Dinner,242.19,24.81
523,42,Lunch,437.07,85.93
481,101,Dinner,414.84,66.16
390,293,Lunch,329.96,60.04
600,258,Breakfast,504.74,95.26
1362,200,Lunch,1263.38,98.62
1327,90,Breakfast,1129.78,197.22
406,14,Dinner,376.12,29.88
72,9,Dinner,58.44,13.56
571,127,Breakfast,472.99,98.01
1173,122,Dinner,1002.81,170.19
851,298,Lunch,782.42,68.58
1253,163,Breakfast,1171.77,81.23
1296,232,Dinner,1151.55,144.45
811,220,Breakfast,721.11,89.89
491,188,Lunch,463.95,27.05
818,19,Lunch,656.99,161.01
1065,161,Dinner,924.65,140.35
1398,140,Lunch,1347.31,50.69
565,265,Breakfast,520.16,44.84
1089,161,Lunch,944.65,144.35
841,51,Breakfast,825.11,15.89
385,177,Breakfast,367.49,17.51
