dayOfWeek,pastConsumption,weather,eventType,demand,demandedFood,leftFoodForNGO
Monday,3718,Cold,None,5003,5003,1285
Saturday,3718,Rainy,None,3125,3125,593
Saturday,3718,Cloudy,None,5498,5498,1780
Friday,3718,Rainy,None,3451,3451,267
Friday,3575,Cold,None,3588,3588,13
Thursday,3718,Rainy,None,5508,5508,1790
Monday,3718,Cloudy,None,5533,5533,1815
Tuesday,3718,Cold,Party,3418,3418,300
Monday,3575,Hot,Conference,4269,4269,694
Wednesday,3718,Rainy,None,4755,4755,1037
Monday,3718,Hot,None,3063,3063,655
Sunday,3718,Hot,None,4940,4940,1222
Sunday,3718,Rainy,Party,3055,3055,663
Wednesday,3575,Hot,Conference,5099,5099,1524
Sunday,3718,Hot,None,3821,3821,103
Saturday,3575,Cold,Party,5275,5275,1700
Friday,3718,Cold,None,5062,5062,1344
Tuesday,3718,Sunny,Wedding,3491,3491,227
Monday,3718,Cloudy,Wedding,4871,4871,1153
Tuesday,3718,Cold,Conference,4668,4668,950
Friday,3718,Sunny,Party,3835,3835,117
Monday,3718,Cold,Wedding,4633,4633,915
Thursday,3718,Sunny,None,5503,5503,1785
Thursday,3718,Cold,Party,4980,4980,1262
Monday,3718,Sunny,Wedding,3263,3263,455
Friday,3718,Cloudy,None,4630,4630,912
Friday,3718,Hot,Conference,3623,3623,95
Saturday,3718,Cloudy,None,5428,5428,1710
Monday,3718,Cloudy,None,5394,5394,1676
Saturday,3718,Sunny,None,4162,4162,444
Friday,3718,Hot,Festival,4378,4378,660
Wednesday,3718,Hot,None,5334,5334,1616
Tuesday,3718,Cloudy,None,5103,5103,1385
Tuesday,3718,Cloudy,None,3552,3552,166
Thursday,3575,Hot,None,3281,3281,294
Tuesday,3718,Sunny,None,3635,3635,83
Friday,3718,Rainy,Wedding,3359,3359,359
Tuesday,3718,Sunny,Conference,4044,4044,326
Monday,3718,Sunny,Party,4746,4746,1028
Saturday,3718,Rainy,Conference,3604,3604,114
Friday,3718,Cloudy,None,3604,3604,114
Sunday,3718,Hot,Conference,4012,4012,294
Monday,3718,Sunny,None,3459,3459,259
Saturday,3718,Hot,None,3547,3547,171
Wednesday,3718,Cloudy,None,3224,3224,494
Tuesday,3718,Rainy,Festival,4732,4732,1014
Tuesday,3718,Rainy,Conference,5257,5257,1539
Thursday,3718,Hot,None,5530,5530,1812
Friday,3718,Sunny,None,3216,3216,502
Friday,3718,Cold,Festival,3465,3465,253
Tuesday,3718,Cloudy,Wedding,5309,5309,1591
Sunday,3718,Hot,None,3395,3395,323
Sunday,3718,Cloudy,None,5421,5421,1703
Tuesday,3718,Rainy,None,4402,4402,684
Sunday,3718,Cold,None,4827,4827,1109
Tuesday,3718,Cold,None,3928,3928,210
Monday,3718,Sunny,None,4386,4386,668
Thursday,3718,Cold,None,5332,5332,1614
Thursday,3575,Cold,Party,4303,4303,728
Tuesday,3718,Hot,Wedding,3705,3705,13
Thursday,3718,Sunny,Conference,4197,4197,479
Sunday,3718,Cloudy,Wedding,5454,5454,1736
Saturday,3718,Cold,Party,5525,5525,1807
Friday,3718,Cold,None,5189,5189,1471
Thursday,3575,Sunny,None,4972,4972,1397
Thursday,3718,Rainy,Party,5551,5551,1833
Wednesday,3718,Cloudy,None,3813,3813,95
Tuesday,3718,Cloudy,Wedding,4413,4413,695
Wednesday,3718,Rainy,Festival,5231,5231,1513
Saturday,3718,Rainy,None,4608,4608,890
Friday,3718,Hot,Festival,3046,3046,672
Wednesday,3575,Cloudy,None,4217,4217,642
Saturday,3718,Rainy,Festival,3625,3625,93
Wednesday,3718,Cloudy,None,4333,4333,615
Saturday,3718,Hot,Conference,4164,4164,446
Sunday,3718,Hot,None,4794,4794,1076
Friday,3718,Rainy,Party,3814,3814,96
Tuesday,3718,Cloudy,None,3178,3178,540
Saturday,3575,Cold,None,3931,3931,356
Friday,3718,Sunny,None,3381,3381,337
Wednesday,3718,Sunny,Party,3702,3702,16
Saturday,3718,Cold,Party,4066,4066,348
Friday,3575,Cloudy,Wedding,2896,2896,679
Sunday,3718,Cold,None,3784,3784,66
Sunday,3718,Cold,None,3229,3229,489
Saturday,3718,Hot,None,4103,4103,385
Monday,3575,Rainy,Conference,5078,5078,1503
Friday,3718,Rainy,Party,4283,4283,565
Tuesday,3718,Cold,None,3158,3158,560
Monday,3575,Sunny,Festival,4452,4452,877
Friday,3718,Rainy,Party,3308,3308,410
Saturday,3718,Cloudy,Conference,3979,3979,261
Tuesday,3575,Cloudy,None,3033,3033,542
Monday,3718,Rainy,None,4583,4583,865
Monday,3718,Rainy,None,5173,5173,1455
Wednesday,3718,Rainy,None,4265,4265,547
Wednesday,3718,Rainy,Party,5258,5258,1540
Friday,3718,Cold,Conference,4400,4400,682
Saturday,3718,Cloudy,Conference,4048,4048,330
Wednesday,3718,Cold,None,4743,4743,1025
Monday,3718,Cloudy,None,5323,5323,1605
Sunday,3718,Sunny,None,5305,5305,1587
Tuesday,3718,Hot,Conference,5179,5179,1461
Tuesday,3718,Hot,Conference,5448,5448,1730
Thursday,3575,Cold,None,4367,4367,792
Friday,3718,Cold,Wedding,5034,5034,1316
Tuesday,3718,Cold,Conference,5509,5509,1791
Sunday,3718,Rainy,None,5284,5284,1566
Thursday,3718,Rainy,Conference,4765,4765,1047
Wednesday,3718,Sunny,None,3193,3193,525
Saturday,3575,Sunny,Festival,4627,4627,1052
Saturday,3718,Cold,None,4487,4487,769
Saturday,3718,Hot,None,5336,5336,1618
Saturday,3718,Hot,None,3191,3191,527
Saturday,3718,Cloudy,None,3833,3833,115
Sunday,3718,Cold,None,4194,4194,476
Wednesday,3718,Hot,Wedding,5115,5115,1397
Monday,3718,Cloudy,Party,5478,5478,1760
Monday,3718,Sunny,None,4349,4349,631
Saturday,3718,Rainy,None,5498,5498,1780
Saturday,3718,Cold,None,5380,5380,1662
Friday,3718,Hot,Party,5497,5497,1779
Wednesday,3718,Sunny,None,3740,3740,22
Tuesday,3718,Cloudy,Conference,3092,3092,626
Friday,3575,Hot,None,3699,3699,124
Wednesday,3718,Hot,None,3894,3894,176
Wednesday,3718,Hot,None,3650,3650,68
Thursday,3718,Sunny,None,4044,4044,326
Saturday,3718,Cold,None,3172,3172,546
Sunday,3575,Cloudy,Wedding,4395,4395,820
Wednesday,3575,Rainy,Party,3272,3272,303
Tuesday,3718,Sunny,None,5538,5538,1820
Thursday,3718,Rainy,None,5498,5498,1780
Thursday,3718,Cold,None,3070,3070,648
Monday,3718,Cold,None,5224,5224,1506
Tuesday,3718,Cold,Conference,4419,4419,701
Saturday,3718,Cold,Wedding,3957,3957,239
Saturday,3718,Sunny,None,5457,5457,1739
Saturday,3718,Sunny,Party,4583,4583,865
Friday,3718,Rainy,None,4213,4213,495
Thursday,3718,Rainy,Festival,4410,4410,692
Saturday,3718,Cloudy,None,3323,3323,395
Monday,3718,Cold,Party,4806,4806,1088
Thursday,3718,Hot,Conference,4557,4557,839
Wednesday,3718,Cloudy,None,4864,4864,1146
Tuesday,3718,Sunny,Wedding,4006,4006,288
Monday,3575,Cloudy,Party,4853,4853,1278
Wednesday,3718,Rainy,Wedding,3146,3146,572
Saturday,3575,Cold,None,3383,3383,192
Thursday,3718,Cloudy,Party,4171,4171,453
Monday,3718,Hot,None,3874,3874,156
Thursday,3718,Cloudy,Party,3422,3422,296
Wednesday,3718,Cloudy,Festival,3872,3872,154
Wednesday,3718,Cold,Party,4365,4365,647
Friday,3575,Rainy,None,3686,3686,111
Thursday,3718,Rainy,Wedding,4608,4608,890
Monday,3718,Cloudy,Conference,3133,3133,585
Wednesday,3718,Sunny,None,4528,4528,810
Friday,3718,Rainy,Wedding,4357,4357,639
Wednesday,3718,Rainy,None,3631,3631,87
Monday,3718,Cloudy,Party,3253,3253,465
Wednesday,3718,Cloudy,None,3247,3247,471
Monday,3718,Hot,None,3812,3812,94
Monday,3718,Rainy,Party,3581,3581,137
Saturday,3718,Sunny,Party,5028,5028,1310
Saturday,3575,Hot,Party,4328,4328,753
Tuesday,3718,Cloudy,None,3852,3852,134
Friday,3575,Rainy,None,4106,4106,531
Sunday,3718,Sunny,None,3239,3239,479
Sunday,3718,Hot,Festival,3203,3203,515
Sunday,3718,Sunny,None,4339,4339,621
Saturday,3718,Rainy,Party,5362,5362,1644
Monday,3718,Sunny,None,4855,4855,1137
Sunday,3718,Rainy,Party,4462,4462,744
Thursday,3718,Hot,None,5493,5493,1775
Friday,3718,Hot,Party,3605,3605,113
Monday,3718,Rainy,Wedding,3201,3201,517
Sunday,3718,Hot,None,4520,4520,802
Sunday,3575,Rainy,Party,4233,4233,658
Wednesday,3718,Rainy,None,3335,3335,383
Tuesday,3718,Sunny,Party,4201,4201,483
Monday,3718,Sunny,Festival,4915,4915,1197
Wednesday,3718,Cold,Wedding,5416,5416,1698
Friday,3718,Cloudy,Conference,4852,4852,1134
Friday,3718,Cloudy,Wedding,3499,3499,219
Sunday,3718,Cold,None,3587,3587,131
Sunday,3575,Hot,None,4332,4332,757
Wednesday,3718,Cloudy,Party,4379,4379,661
Monday,3718,Sunny,None,5315,5315,1597
Monday,3575,Cold,Conference,4422,4422,847
Thursday,3718,Cloudy,Party,3846,3846,128
Friday,3718,Cold,None,4904,4904,1186
Thursday,3718,Cold,None,3785,3785,67
Saturday,3718,Sunny,None,4457,4457,739
Wednesday,3718,Cloudy,Wedding,3242,3242,476
Saturday,3718,Hot,None,4546,4546,828
Monday,3718,Cold,None,4038,4038,320
Saturday,3575,Cloudy,Party,4596,4596,1021
Friday,3575,Cloudy,Party,4929,4929,1354
Sunday,3575,Rainy,Conference,3243,3243,332
